{"cameraMode":{"drawMode":0,"name":"Shaded","section":"Shading Mode"},"sceneLighting":true,"audioPlay":false,"sceneViewState":{"showFog":true,"showMaterialUpdate":false,"showSkybox":true,"showFlares":true,"showImageEffects":true,"showParticleSystems":true},"in2DMode":false,"pivot":{"x":-4.6945295333862309,"y":6.656269073486328,"z":-11.468198776245118},"rotation":{"x":-0.017907580360770227,"y":0.9803148508071899,"z":-0.16565297544002534,"w":-0.10599401593208313},"size":10.623265266418457,"orthographic":true}